-- Version du serveur : 10.4.24-MariaDB
-- Version de PHP : 7.4.29

SET SQL_MODE = "NO_AUTO_VALUE_ON_ZERO";
START TRANSACTION;
SET time_zone = "+00:00";

--
-- Base de données : `blogtutodata`
--

-- --------------------------------------------------------

--
-- Structure de la table `article`
--

CREATE TABLE `article` (
  `id` varchar(32) NOT NULL,
  `img` text NOT NULL,
  `id_category` int(11) NOT NULL,
  `id_tags` int(11) NOT NULL,
  `id_author` int(11) NOT NULL,
  `views` int(11) NOT NULL DEFAULT 0,
  `date_update` datetime NOT NULL DEFAULT current_timestamp(),
  `date_create` datetime NOT NULL,
  `is_published` int(11) NOT NULL DEFAULT 0
) ENGINE=InnoDB DEFAULT CHARSET=utf8mb4;

--
-- Déchargement des données de la table `article`
--

INSERT INTO `article` (`id`, `img`, `id_category`, `id_tags`, `id_author`, `views`, `date_update`, `date_create`, `is_published`) VALUES
('1', 'Comment_Avoir_Confiance_En_Soi.jpeg', 35, 1, 1, 2011, '2024-12-21 10:47:53', '2024-07-30 17:07:23', 1),
('19', 'slug_test.jpg', 3, 3, 1, 41, '2024-09-08 20:39:22', '2024-08-22 03:54:30', 1),
('1ae230a31a0af4a330ae155befd7aada', 'bonjour_a_tous.jpg', 3, 3, 1, 67, '2024-08-29 15:42:17', '2024-08-29 15:20:11', 1),
('2', 'dasffdasdf ][ sdadfjalfjajdl ][ sdfjiofaskfl ][ sfjlalsjfsadfjo][ dsfjlasad\r\n', 2, 1, 2, 713, '2024-08-01 00:46:56', '2024-08-01 00:46:56', 1),
('23', 'fatal_test55.jpg', 35, 2, 2, 226, '2024-09-01 05:59:27', '2024-08-23 17:27:23', 1),
('29', 'test_tst.jpg', 29, 4, 1, 37, '2024-09-01 06:00:38', '2024-08-25 09:42:30', 1),
('98a0d32e3f071878c8b0aedf5f3268af', 'das;lk.jpg', 35, 1, 1, 126, '2024-09-06 08:32:26', '2024-08-29 14:39:15', 1),
('9f632460e3f7d64329131f1b7d564600', 'oaifoe_dasf.jpg', 29, 4, 1, 58, '2024-09-06 08:31:52', '2024-08-29 21:18:37', 1),
('dfd35826f0c929aa595ef06d3eb61884', 'iowe_sdahs.jpg', 3, 3, 2, 39, '2024-09-06 08:32:02', '2024-08-29 20:01:12', 1),
('eec93f06dff8d5e462d4c8ecde5f6e85', 'Comment_debloquer_la_monetisation_TikTok_dans_les_pays_non-eligible.png', 35, 2, 10, 966, '2024-12-09 17:02:20', '2024-09-08 20:47:39', 1),
('f81259f96dac273d839294d9854a22ff', 'comment_devinir_milionaire_a_20 ans.jpg', 35, 1, 8, 56, '2024-12-09 08:44:43', '2024-12-09 07:58:12', 1);

-- --------------------------------------------------------

--
-- Structure de la table `author`
--

CREATE TABLE `author` (
  `id` int(11) NOT NULL,
  `img` varchar(255) NOT NULL,
  `name` varchar(255) NOT NULL,
  `first_name` varchar(255) NOT NULL,
  `date_create` datetime NOT NULL
) ENGINE=InnoDB DEFAULT CHARSET=utf8mb4;

--
-- Déchargement des données de la table `author`
--

INSERT INTO `author` (`id`, `img`, `name`, `first_name`, `date_create`) VALUES
(1, 'tetsolDuval.jpg', 'tetsol', 'Duval', '2024-08-07 00:14:53'),
(2, 'banksUnique.jpg', 'Unique', 'banks', '2024-08-09 19:02:01'),
(8, 'bekamDuval.jpg', 'bekam', 'Duval', '2024-08-26 09:33:50'),
(10, 'duvalTest.jpg', 'Test', 'duval', '2024-08-26 12:09:11'),
(11, 'tesTesg.jpg', 'tes', 'Tesg', '2024-08-26 15:07:50'),
(12, 'testTest.jpg', 'test', 'Test', '2024-08-26 15:08:25');

-- --------------------------------------------------------

--
-- Structure de la table `author_traduction`
--

CREATE TABLE `author_traduction` (
  `id` int(11) NOT NULL,
  `id_author` int(11) NOT NULL,
  `lang_code` varchar(2) NOT NULL,
  `description` varchar(255) NOT NULL,
  `info` longtext NOT NULL
) ENGINE=InnoDB DEFAULT CHARSET=utf8mb4;

--
-- Déchargement des données de la table `author_traduction`
--

INSERT INTO `author_traduction` (`id`, `id_author`, `lang_code`, `description`, `info`) VALUES
(1, 1, 'fr', 'Developpeur full-stack et d\'application mobile', 'lorem'),
(2, 8, 'fr', 'dslfkja', ''),
(5, 10, 'fr', 'bla bla bla', ''),
(6, 10, 'en', 'bonojor ha ha ', ''),
(7, 12, 'fr', 'sdfalj\'sdafkas', ''),
(10, 2, 'fr', 'ldaslkfj', ''),
(11, 1, 'en', 'blda', ''),
(14, 10, 'de', 'lorem', 'info');

-- --------------------------------------------------------

--
-- Structure de la table `category`
--

CREATE TABLE `category` (
  `id` int(11) NOT NULL,
  `color` varchar(7) NOT NULL,
  `svg` text NOT NULL,
  `views` int(11) NOT NULL DEFAULT 0,
  `date_create` datetime NOT NULL
) ENGINE=InnoDB DEFAULT CHARSET=utf8mb4;

--
-- Déchargement des données de la table `category`
--

INSERT INTO `category` (`id`, `color`, `svg`, `views`, `date_create`) VALUES
(1, '#fe7802', '<svg id=\"Calque_1\" data-name=\"Calque 1\" viewBox=\"0 0 354.18 354.14\"><path d=\"M-2357.68-212.39h.22q0-40.05,0-80.08a102.39,102.39,0,0,0-4.51-31.28c-11-34.79-44.61-65.89-91.92-65.71-53.63.21-107.27,0-160.9.06a101.46,101.46,0,0,0-31.26,4.62c-36.13,11.6-65.69,46.4-65.43,91.74.3,53.75-.06,107.52.2,161.27a110.42,110.42,0,0,0,3,25.49c9.48,38.64,45.34,71.2,93.46,71,53.63-.26,107.27-.06,160.9,0,15.42,0,30.27-2.72,44-10,32-17,50.42-43.52,52-79.86C-2356.68-154.23-2357.68-183.33-2357.68-212.39Zm-234.61,50.44a16.26,16.26,0,0,1-15.18,9.6,14.76,14.76,0,0,1-11.15-4.39c-14.85-14.77-29.76-29.49-44.41-44.45a15.72,15.72,0,0,1,.11-22.58q21.89-22.28,44.16-44.16a16.44,16.44,0,0,1,23.22.29,16.5,16.5,0,0,1-.11,23.24c-8.18,8.39-16.55,16.59-24.82,24.89-5.24,5.25-5.2,9,.11,14.33,8.28,8.3,16.64,16.52,24.83,24.89A16.31,16.31,0,0,1-2592.29-161.95Zm91.09-135.94q-12.93,67-25.76,134c-2.79,14.52-5.52,29.06-8.4,43.56-1.69,8.52-7.77,14-15.4,14.31-8.18.29-14.69-4.23-16.91-11.87a44.45,44.45,0,0,1-.83-5.2c1.44-7.57,2.93-15.51,4.45-23.43q10.31-53.46,20.6-106.9c3.29-17.08,6.52-34.18,9.85-51.26,1.94-9.94,10.7-15.94,20-13.86S-2499.29-307.82-2501.2-297.89Zm95.46,96.44c-14.83,15.14-29.79,30.16-45,44.89-2.64,2.56-6.84,3.5-10.32,5.19l-.48-1a16.06,16.06,0,0,1-15.27-10c-2.73-6.68-1.55-12.81,3.41-17.93,8.16-8.42,16.54-16.61,24.82-24.91,5.24-5.26,5.27-9.16.09-14.36-8.27-8.3-16.67-16.48-24.82-24.9a16.34,16.34,0,0,1,6.87-27.34c5.7-1.72,11.31-.94,15.66,3.36,15.18,15,30.31,30,45.21,45.24A15.59,15.59,0,0,1-2405.74-201.45Z\" transform=\"translate(2711.48 389.46)\"></path></svg>', 0, '2024-07-30 16:59:19'),
(2, '#a34df9', '<svg id=\"Calque_1\" data-name=\"Calque 1\" viewBox=\"0 0 1115.77 1116.09\"><path d=\"M-3261.52-603.3c7.37-20.4,19.23-36.54,41.51-42a77.28,77.28,0,0,1,18.3-1.79q330.61-.14,661.23,0c37.43,0,60.39,22.77,60.43,60.43q.26,236.93,0,473.86c0,38-23.33,60.87-61.2,60.87-216.78,0-433.56-.4-650.34.43-34.32.13-58.11-11-69.94-44Zm151.21,217.36c-4,.86-8.26,1.75-12.48,2.66-69.43,14.94-114.48,86.69-97.72,155.65,14.86,61.16,65.68,100.95,130.12,101q219.53.28,439-.12a149.73,149.73,0,0,0,34.47-4c62.7-15.09,104.46-74.57,98.43-139.29-5.74-61.68-57.66-111.76-120.42-115.81-10.32-.67-20.72-.1-30.86-.1-20.34-107-105.89-182.62-211.81-186.56C-2985.57-576.35-3087.59-507.44-3110.31-385.94Zm592.09-205c.25-10.33-8-19-18.06-18.91a18.51,18.51,0,0,0-18.09,17.91c-.28,10.15,8.2,19,18.16,19C-2526.59-572.95-2518.46-581.08-2518.22-590.9Zm-669.18-.43c0-9.85-9-18.77-18.8-18.47-9.41.28-18,9-18,18.33-.05,9.78,9.22,18.85,18.93,18.54C-3195.89-573.24-3187.44-581.94-3187.4-591.33ZM-2536-126.09a18.08,18.08,0,0,0-18.29,17.47,18.4,18.4,0,0,0,17.88,19.12c9.59.12,17.89-7.94,18.22-17.67C-2517.87-117.7-2525.67-126-2536-126.09Zm-651.37,18.16a18.55,18.55,0,0,0-18.89-18.17c-9.53.29-17.91,8.85-17.89,18.25,0,9.88,9.2,18.72,19,18.33C-3195.57-89.9-3187.37-98.41-3187.41-107.93Z\" transform=\"translate(3261.52 1130.68)\"/><path d=\"M-2843.1-1130.68c15.85,3.4,32.11,5.49,47.47,10.4,114.36,36.56,182,113.95,201.05,232.83,2.22,13.88,2.4,28.18,2.48,42.3.29,49.38.12,98.77.12,148.16v12.32h-74.56v-12.15q0-76.26,0-152.51c-.15-103.54-72.68-188.43-174.84-204.74-107.71-17.2-214.25,60.43-230.68,168.45a295.45,295.45,0,0,0-3,42.26c-.36,48.3-.14,96.59-.14,144.89v13.68h-75v-11.42q0-76.26,0-152.52c.21-140.7,98.25-256.19,236.94-279.26,4.54-.76,9-1.79,13.55-2.69Z\" transform=\"translate(3261.52 1130.68)\"/><path d=\"M-2443.15-442.2v-38c6.22,0,11.94.3,17.61-.06,12.43-.78,18.26-6.91,18.86-19.25.42-8.68.14-17.47,1.42-26,4.22-28,26.72-47,55.05-47.2,4,0,8-.21,12,0,15.88,1,28.78.82,39.25-16.86,12.53-21.17,40.33-25.68,63.15-16.19,22.24,9.24,36.56,32.32,34.34,55.33-2.45,25.44-19.5,45.44-43.49,51-23.41,5.45-48.5-5.1-60.1-27-4.18-7.88-8.89-9.84-16.82-9.32-8.31.55-16.69,0-25,.17-14.55.35-21.07,7.05-21.42,21.42-.19,8,.22,16.07-1.13,23.85-5.07,29.35-27.2,47.76-56.94,48.09C-2431.78-442.15-2437.13-442.2-2443.15-442.2Z\" transform=\"translate(3261.52 1130.68)\"/><path d=\"M-2443.21-144.91v-35.76c36.47-11.09,73.06,15.13,74.79,53.61.26,5.8,0,11.62.12,17.42.3,12.64,6.57,19.58,19.23,20.19a243,243,0,0,0,33.71-.23c3.35-.31,7.19-4.76,9.23-8.23,12.35-21,34.65-31.74,59.08-27.9,20.81,3.27,40.2,21.94,44.43,42.79,5.76,28.35-9.55,55.92-36.22,65.24-26.51,9.27-54.55-2.17-68.17-27.83-1-1.91-2-3.86-3.26-6.37-12.47,0-25.14,0-37.82,0-33.28-.13-56.67-22.5-58.46-56-.25-4.71,0-9.44-.1-14.15-.22-16.78-6-22.48-23.2-22.81C-2434.11-145-2438.37-144.91-2443.21-144.91Z\" transform=\"translate(3261.52 1130.68)\"/><path d=\"M-2443.28-219.46v-37.3h11.81c55.9,0,111.81-.09,167.71.12,6.45,0,10.16-1.37,13.49-7.7,12.17-23.12,37.45-34.3,61.36-28.26,26.06,6.58,43.14,28.1,43.17,54.36,0,25.93-16.62,47.62-41.74,54.4-24.41,6.6-50.3-4.37-62.67-27.64-3.52-6.63-7.53-8.14-14.37-8.11-55.18.24-110.36.13-165.54.13Z\" transform=\"translate(3261.52 1130.68)\"/><path d=\"M-2443.83-368c0-11.08,0-20.47,0-29.85,0-2.1.37-4.2.69-7.63H-2430c55.17,0,110.34-.11,165.51.14,6.9,0,10.82-1.6,14.33-8.18a54.81,54.81,0,0,1,62.76-27.55,55.7,55.7,0,0,1,41.62,54.51c-.05,25.83-16.72,47.1-42.25,53.89a53.93,53.93,0,0,1-61.8-27c-3.81-7.21-8.13-8.48-15.22-8.45-55.17.21-110.34.12-165.52.12Z\" transform=\"translate(3261.52 1130.68)\"/><path d=\"M-3076.8-352.36c8-123.63,100.28-178.94,174.63-183.11,55.86-3.13,104.29,14.86,144,54.36,39.48,39.24,55.77,88,55.07,144.9,9.75-3.3,17.74-6.1,25.79-8.72,51.45-16.76,106.21,12.77,119.5,64.41,15.44,60-28.73,117-91.46,117.18-104.95.32-209.89.09-314.84.09-43.94,0-87.88.43-131.81-.17-46.08-.63-83.3-34.42-90.87-81.28-6.73-41.63,20.3-86.3,62.11-99.71C-3109.76-349.18-3093.51-349.72-3076.8-352.36Zm242.59,132.09c0-24.78.25-48.69-.15-72.58-.12-7.45,1.56-12.27,8.08-17.09,26-19.27,35.63-52.17,25.19-82.43-10.61-30.75-38.47-50.11-71.63-49.79-31,.29-58.93,21.08-68.63,51-9.92,30.6.54,62.27,26.35,82.38,3.53,2.75,6.4,8.61,6.52,13.11.62,24.92.3,49.87.3,75.38Z\" transform=\"translate(3261.52 1130.68)\"/></svg>', 6, '2024-07-30 17:03:40'),
(3, '#0da601', '<svg id=\"Calque_1\" data-name=\"Calque 1\" xmlns=\"http://www.w3.org/2000/svg\" viewBox=\"0 0 1712.24 1419.03\"><path d=\"M4628.45-2257.59q.81,590.76.46,1181.53c0,2.64-.33,5.29-.84,13.07-179.45-138.92-381.21-200.62-603.21-203.11V-2471.39c32.71,2,65.29,2.91,97.61,6.31,181.42,19.08,345.12,85.32,494.64,188.28C4622.77-2272.9,4628.44-2264.11,4628.45-2257.59Z\" transform=\"translate(-3722.89 2471.39)\"/><path d=\"M5434.7-2249.23V-1065.4c-234.93-56.24-468.61-61.19-704.49-20.6V-2291.86c41.74-5.8,83.31-12.68,125.13-17.16,88.73-9.5,177.7-12.22,266.92-7.13,102.42,5.84,203.4,21.1,303.21,44.4,3.71.86,7.05,6.7,8.93,10.94C5435.84-2257.54,5434.7-2253.13,5434.7-2249.23Z\" transform=\"translate(-3722.89 2471.39)\"/><path d=\"M4140.3-1158.52c71.16,7,140.46,23.83,206.6,53q-29.67-2.07-59.36-4.16c-186.48-13.28-369.68,6.27-550,55-4.76,1.29-9.78,1.59-14.68,2.35v-1207c49.36-10.53,98.67-21.27,148.1-31.48,16.79-3.47,33.87-5.62,52.28-8.62v1126C3996.47-1168.57,4068.58-1165.57,4140.3-1158.52Z\" transform=\"translate(-3722.89 2471.39)\"/></svg>', 106, '2024-07-30 17:03:40'),
(4, '#a09600', '<svg id=\"Calque_1\" data-name=\"Calque 1\" xmlns=\"http://www.w3.org/2000/svg\" viewBox=\"0 0 316.86 383.14\"><path d=\"M-3231.85-72.21h93.28c-1.8,1.89-3.09,3.46-4.59,4.78-6.27,5.56-13.42,8.72-22,8.62-13.57-.17-27.15-.15-40.72,0-10.38.1-18.32-4.63-25.12-11.92A10,10,0,0,1-3231.85-72.21Z\" transform=\"translate(3343.89 418.21)\"></path><rect x=\"99.25\" y=\"299.71\" width=\"118.55\" height=\"16.18\"></rect><path d=\"M-3117.24-367.69l-8.85-5.07c5.22-9,10.27-17.81,15.55-26.95l8.83,5.09Z\" transform=\"translate(3343.89 418.21)\"></path><path d=\"M-3045.51-334.68l-26.92,15.55-5.16-8.82,27-15.57Z\" transform=\"translate(3343.89 418.21)\"></path><rect x=\"286.11\" y=\"153.57\" width=\"30.75\" height=\"9.88\"></rect><path d=\"M-3207.76-367.91c-57.86,12.13-96.86,67.3-85,130.88,2.73,14.64,9.59,27.19,19.12,38.29,17.39,20.26,26.09,43.82,27.65,70.22.17,2.91,1.43,3.4,4,3.39,18.83-.09,37.66-.05,56.49-.05h53.5c6.69,0,6.67,0,7.26-6.52.12-1.36.47-2.7.61-4.06,2.33-21.94,9.86-41.72,23.83-59,5.23-6.47,10.39-13.19,14.35-20.46,11.31-20.77,12.16-43.32,7.94-65.83A108.8,108.8,0,0,0-3207.76-367.91Zm64.25,139.36c-11.24,13.77-20.09,28.82-23.4,46.53-2.45,13.05-2.57,26,3.7,38.31a12.39,12.39,0,0,1,.56,1.85l-12.07,5.61c-14-32.17-5.31-60.86,12-89-8.12.51-15.24-.7-21.78-4.65a3.1,3.1,0,0,0-2.67-.11c-6.27,3.82-13.09,5.23-20.9,4.83,17.24,28.12,25.28,57,10.74,88.94-2.45-1.13-4.35-2-6.22-2.88s-3.76-1.89-5.5-2.76c1.68-5.1,3.88-9.89,4.8-14.92,3.26-17.72-.1-34.59-8.88-50.06-5.25-9.25-12-17.66-18.2-26.36a75.59,75.59,0,0,0-5.61-6.32l7.67-8.72c24.27,13.47,26.36,13.45,43.89-.94.7.93,1.41,1.93,2.19,2.88,6.64,8.11,15.28,9.54,24.64,6.47,5.95-2,11.5-5.11,17.56-7.89l7.06,8.15C-3137.2-235.88-3140.46-232.3-3143.51-228.55Z\" transform=\"translate(3343.89 418.21)\"></path><rect y=\"153.62\" width=\"30.8\" height=\"9.69\"></rect><rect x=\"153.43\" width=\"9.94\" height=\"30.73\"></rect><path d=\"M-3293.24-328l-5.12,8.85-26.95-15.56c1.77-3.06,3.33-5.73,5.12-8.82Z\" transform=\"translate(3343.89 418.21)\"></path><path d=\"M-3244.23-95.34h117.05c-.26,1.18-.42,2-.64,2.86-3.38,13-4.17,13.61-17.41,13.61-29.3,0-58.6,0-87.9.07-3.06,0-4.92-.84-6-3.66C-3240.7-86.61-3242.39-90.72-3244.23-95.34Z\" transform=\"translate(3343.89 418.21)\"></path><path d=\"M-3168.5-52.08a16.43,16.43,0,0,1-9.81,15.52c-1.12.51-2.24,1-3.36,1.49h-7.49c-6.54-2.41-11.49-6.36-13.06-13.55-.23-1.06-.27-2.16-.43-3.46Z\" transform=\"translate(3343.89 418.21)\"></path><path d=\"M-3253.57-367.66l-15.54-26.94,8.82-5.07c5.16,8.91,10.24,17.68,15.58,26.92Z\" transform=\"translate(3343.89 418.21)\"></path></svg>', 0, '2024-08-11 21:11:34'),
(5, '#ff2d2d', '<svg id=\"Calque_1\" data-name=\"Calque 1\" viewBox=\"0 0 1605.5 1605.15\"><path d=\"M-923.51,1290.77c67.52,0,133.17-.06,198.81.14,4.32,0,8.7,1.73,12.92,3.08,33,10.53,55.73,40.48,55.74,75.17q.16,540-.21,1080c-.15,96.49-85.75,178.7-184.51,178.79q-438.12.4-876.22.1-177.26,0-354.5,0c-107.19-.11-189.79-82-189.82-188.89q-.22-666.24,0-1332.47c0-49.81,34-83.69,84-83.69q557.66,0,1115.33,0c52,0,85,33.42,85,86q0,644.51.08,1289c0,7.75-.06,15.71,1.63,23.18,3,13.3,13.11,19.48,25.9,19.16,12-.3,21.54-6.53,24.32-19.11,1.53-6.95,1.58-14.33,1.58-21.51q.11-542.52.06-1085Zm-695.61-107.35q-223.22,0-446.42,0c-25.7,0-35.21,9.55-35.3,35.26-.11,29-.06,58,0,86.93,0,29.78,8.75,38.35,39.16,38.36q178.06,0,356.13,0,265,0,530,0c28.84,0,37.86-9.12,37.91-38q.09-41.81,0-83.59c0-30.42-8.43-39-38.42-39Q-1397.57,1183.4-1619.12,1183.42Zm481.61,1097.65c0-51.81.1-103.62,0-155.43-.06-22.44-10.1-32.53-32.72-32.56q-153.78-.2-307.56,0c-23.67,0-33.75,9.78-33.79,33.46q-.28,153.75,0,307.51c0,23.53,10.26,33.47,33.83,33.5q153,.18,305.89,0c24.66,0,34.33-9.82,34.38-34.4Q-1137.41,2357.1-1137.51,2281.07Zm-588.72-642.48c0-51.27.11-102.54,0-153.81-.07-23.61-10.07-33.73-33.47-33.76q-153.84-.16-307.68,0c-23.41,0-33.37,10.14-33.39,33.82q-.16,153,0,306c0,24.66,9.86,34.67,34.29,34.7q153,.16,306,0c24.37,0,34.2-10.1,34.26-34.76C-1726.14,1740-1726.23,1689.31-1726.23,1638.59Zm215.87,347.25h300.83c15.6,0,31.22.49,46.79-.16,19.72-.82,30.79-15.87,25.22-34.31-5.26-17.39-19.76-18.89-34.94-18.89q-338.43.06-676.87.17c-7.07,0-16.47-.35-20.68,3.72-6.83,6.59-14.18,16.81-14,25.29.21,7.53,9.38,16.18,16.62,21.65,4.51,3.41,12.79,2.44,19.38,2.44Q-1679.16,1985.93-1510.36,1985.84Zm-323.31,481.75h227.1c5,0,10.06.29,15-.22,16.29-1.68,26.21-12.27,25.85-27.19-.34-14.27-10-24.22-25.43-25.89a126.26,126.26,0,0,0-13.35-.23q-228.76,0-457.54.09c-7.14,0-14.56.4-21.34,2.36-13,3.75-18.39,13.65-17.55,26.8.81,12.71,8.12,20.49,20.2,23.29,5.32,1.23,11.05,1,16.59,1Q-1948.89,2467.64-1833.67,2467.59Zm428.26-695.6q-114.46,0-228.91.11c-7.12,0-14.54.58-21.3,2.62-12.21,3.68-17.59,13.21-17.08,25.59s7.26,20.91,19.5,23.89c5.31,1.29,11,1.28,16.55,1.29q230.58.09,461.16,0a98.83,98.83,0,0,0,11.68-.25c15.13-1.79,25.11-12.24,25.3-26.19s-9.62-24.82-24.65-26.75c-4.94-.63-10-.33-15-.33Q-1291.79,1772-1405.41,1772Zm-427,321h-38.45c-65.76,0-131.52-.14-197.28.08-23.75.09-37,17-29.1,36.78,6,15,19.14,16.74,33.22,16.73q230.71-.12,461.43-.11c5.51,0,11.25-.12,16.51-1.57,17.43-4.81,26.61-24.18,15.59-37.85-6.17-7.65-19.4-13.32-29.54-13.46C-1677.44,2092.53-1754.91,2093-1832.37,2093Zm507.44-642q-76.89,0-153.79,0c-12.26,0-23.47,1.82-29.85,14-10.72,20.48,3.38,39.45,29.94,39.51q121.2.29,242.38.07c23.41,0,46.83.53,70.21-.24,20-.66,32.18-16.17,27.27-33.22-4.43-15.39-15.85-20.16-30.7-20.13C-1221.29,1451.05-1273.11,1451-1324.93,1451Zm-188.13,214c42.92,0,85.84.14,128.75-.06,20.35-.1,32-9.7,32.49-26,.55-16.86-11.6-27.41-32.65-27.44q-127.92-.19-255.83,0c-21.73,0-32.8,9.5-32.76,27,0,17.7,10.66,26.41,32.92,26.48C-1597.78,1665.11-1555.42,1665-1513.06,1665Zm-426.41,588.51q-62.64,0-125.28,0c-23.17,0-35.09,8.93-35.44,26.21-.36,17.79,12.05,27.24,36.19,27.3,30.62.08,61.25,0,91.87,0,53.46,0,106.91.16,160.37-.09,22-.11,35-13.37,31.69-31.29-2.62-14.38-12.74-22-30.77-22.09C-1853.72,2253.4-1896.59,2253.54-1939.47,2253.53ZM-1218.95,1665v-.12c18.4,0,36.83.7,55.17-.21,16-.8,26.47-12.61,26.06-27.1-.4-13.91-10.52-25.36-25.7-25.68-36.22-.76-72.47-.84-108.68,0-17.34.39-27,12-26.34,28.07.65,15.1,10.52,24.45,27.66,25S-1236.23,1665-1218.95,1665Zm-425.38,588.59c-17.82,0-35.65-.45-53.45.13-17.31.56-28.2,11.56-28,26.88.23,14.6,10.63,25.82,27,26.16q52.59,1.07,105.22.06c17.55-.32,28-11.46,27.79-26.95s-10.83-25.68-28.52-26.2C-1610.91,2253.18-1627.63,2253.56-1644.33,2253.58Zm-374.05-267.75c16.69,0,33.38.22,50.07,0,18.45-.31,28.54-9.14,29.2-24.92.69-16.47-9.65-27.76-28.07-28.11-34.48-.65-69-.56-103.47-.07-17.3.24-28.51,11.15-28.88,26.1-.39,15.89,10.8,26.5,29.42,27C-2052.88,1986.16-2035.62,1985.82-2018.38,1985.83Z\" transform=\"translate(2261.39 -1022.97)\"></path><path d=\"M-1457.77,2412.94V2147.38h265.66v265.56Z\" transform=\"translate(2261.39 -1022.97)\"></path><path d=\"M-2046.17,1505.26h265.5v265.41h-265.5Z\" transform=\"translate(2261.39 -1022.97)\"></path></svg>', 0, '2024-07-30 17:03:40'),
(9, '#0da601', '<svg id=\"Calque_1\" data-name=\"Calque 1\" xmlns=\"http://www.w3.org/2000/svg\" viewBox=\"0 0 1712.24 1419.03\"><path d=\"M4628.45-2257.59q.81,590.76.46,1181.53c0,2.64-.33,5.29-.84,13.07-179.45-138.92-381.21-200.62-603.21-203.11V-2471.39c32.71,2,65.29,2.91,97.61,6.31,181.42,19.08,345.12,85.32,494.64,188.28C4622.77-2272.9,4628.44-2264.11,4628.45-2257.59Z\" transform=\"translate(-3722.89 2471.39)\"/><path d=\"M5434.7-2249.23V-1065.4c-234.93-56.24-468.61-61.19-704.49-20.6V-2291.86c41.74-5.8,83.31-12.68,125.13-17.16,88.73-9.5,177.7-12.22,266.92-7.13,102.42,5.84,203.4,21.1,303.21,44.4,3.71.86,7.05,6.7,8.93,10.94C5435.84-2257.54,5434.7-2253.13,5434.7-2249.23Z\" transform=\"translate(-3722.89 2471.39)\"/><path d=\"M4140.3-1158.52c71.16,7,140.46,23.83,206.6,53q-29.67-2.07-59.36-4.16c-186.48-13.28-369.68,6.27-550,55-4.76,1.29-9.78,1.59-14.68,2.35v-1207c49.36-10.53,98.67-21.27,148.1-31.48,16.79-3.47,33.87-5.62,52.28-8.62v1126C3996.47-1168.57,4068.58-1165.57,4140.3-1158.52Z\" transform=\"translate(-3722.89 2471.39)\"/></svg>', 0, '2024-07-30 17:03:40'),
(11, '#a09600', '<svg id=\"Calque_1\" data-name=\"Calque 1\" xmlns=\"http://www.w3.org/2000/svg\" viewBox=\"0 0 316.86 383.14\"><path d=\"M-3231.85-72.21h93.28c-1.8,1.89-3.09,3.46-4.59,4.78-6.27,5.56-13.42,8.72-22,8.62-13.57-.17-27.15-.15-40.72,0-10.38.1-18.32-4.63-25.12-11.92A10,10,0,0,1-3231.85-72.21Z\" transform=\"translate(3343.89 418.21)\"></path><rect x=\"99.25\" y=\"299.71\" width=\"118.55\" height=\"16.18\"></rect><path d=\"M-3117.24-367.69l-8.85-5.07c5.22-9,10.27-17.81,15.55-26.95l8.83,5.09Z\" transform=\"translate(3343.89 418.21)\"></path><path d=\"M-3045.51-334.68l-26.92,15.55-5.16-8.82,27-15.57Z\" transform=\"translate(3343.89 418.21)\"></path><rect x=\"286.11\" y=\"153.57\" width=\"30.75\" height=\"9.88\"></rect><path d=\"M-3207.76-367.91c-57.86,12.13-96.86,67.3-85,130.88,2.73,14.64,9.59,27.19,19.12,38.29,17.39,20.26,26.09,43.82,27.65,70.22.17,2.91,1.43,3.4,4,3.39,18.83-.09,37.66-.05,56.49-.05h53.5c6.69,0,6.67,0,7.26-6.52.12-1.36.47-2.7.61-4.06,2.33-21.94,9.86-41.72,23.83-59,5.23-6.47,10.39-13.19,14.35-20.46,11.31-20.77,12.16-43.32,7.94-65.83A108.8,108.8,0,0,0-3207.76-367.91Zm64.25,139.36c-11.24,13.77-20.09,28.82-23.4,46.53-2.45,13.05-2.57,26,3.7,38.31a12.39,12.39,0,0,1,.56,1.85l-12.07,5.61c-14-32.17-5.31-60.86,12-89-8.12.51-15.24-.7-21.78-4.65a3.1,3.1,0,0,0-2.67-.11c-6.27,3.82-13.09,5.23-20.9,4.83,17.24,28.12,25.28,57,10.74,88.94-2.45-1.13-4.35-2-6.22-2.88s-3.76-1.89-5.5-2.76c1.68-5.1,3.88-9.89,4.8-14.92,3.26-17.72-.1-34.59-8.88-50.06-5.25-9.25-12-17.66-18.2-26.36a75.59,75.59,0,0,0-5.61-6.32l7.67-8.72c24.27,13.47,26.36,13.45,43.89-.94.7.93,1.41,1.93,2.19,2.88,6.64,8.11,15.28,9.54,24.64,6.47,5.95-2,11.5-5.11,17.56-7.89l7.06,8.15C-3137.2-235.88-3140.46-232.3-3143.51-228.55Z\" transform=\"translate(3343.89 418.21)\"></path><rect y=\"153.62\" width=\"30.8\" height=\"9.69\"></rect><rect x=\"153.43\" width=\"9.94\" height=\"30.73\"></rect><path d=\"M-3293.24-328l-5.12,8.85-26.95-15.56c1.77-3.06,3.33-5.73,5.12-8.82Z\" transform=\"translate(3343.89 418.21)\"></path><path d=\"M-3244.23-95.34h117.05c-.26,1.18-.42,2-.64,2.86-3.38,13-4.17,13.61-17.41,13.61-29.3,0-58.6,0-87.9.07-3.06,0-4.92-.84-6-3.66C-3240.7-86.61-3242.39-90.72-3244.23-95.34Z\" transform=\"translate(3343.89 418.21)\"></path><path d=\"M-3168.5-52.08a16.43,16.43,0,0,1-9.81,15.52c-1.12.51-2.24,1-3.36,1.49h-7.49c-6.54-2.41-11.49-6.36-13.06-13.55-.23-1.06-.27-2.16-.43-3.46Z\" transform=\"translate(3343.89 418.21)\"></path><path d=\"M-3253.57-367.66l-15.54-26.94,8.82-5.07c5.16,8.91,10.24,17.68,15.58,26.92Z\" transform=\"translate(3343.89 418.21)\"></path></svg>', 0, '2024-08-11 21:11:34'),
(12, '#a09600', '<svg id=\"Calque_1\" data-name=\"Calque 1\" xmlns=\"http://www.w3.org/2000/svg\" viewBox=\"0 0 316.86 383.14\"><path d=\"M-3231.85-72.21h93.28c-1.8,1.89-3.09,3.46-4.59,4.78-6.27,5.56-13.42,8.72-22,8.62-13.57-.17-27.15-.15-40.72,0-10.38.1-18.32-4.63-25.12-11.92A10,10,0,0,1-3231.85-72.21Z\" transform=\"translate(3343.89 418.21)\"></path><rect x=\"99.25\" y=\"299.71\" width=\"118.55\" height=\"16.18\"></rect><path d=\"M-3117.24-367.69l-8.85-5.07c5.22-9,10.27-17.81,15.55-26.95l8.83,5.09Z\" transform=\"translate(3343.89 418.21)\"></path><path d=\"M-3045.51-334.68l-26.92,15.55-5.16-8.82,27-15.57Z\" transform=\"translate(3343.89 418.21)\"></path><rect x=\"286.11\" y=\"153.57\" width=\"30.75\" height=\"9.88\"></rect><path d=\"M-3207.76-367.91c-57.86,12.13-96.86,67.3-85,130.88,2.73,14.64,9.59,27.19,19.12,38.29,17.39,20.26,26.09,43.82,27.65,70.22.17,2.91,1.43,3.4,4,3.39,18.83-.09,37.66-.05,56.49-.05h53.5c6.69,0,6.67,0,7.26-6.52.12-1.36.47-2.7.61-4.06,2.33-21.94,9.86-41.72,23.83-59,5.23-6.47,10.39-13.19,14.35-20.46,11.31-20.77,12.16-43.32,7.94-65.83A108.8,108.8,0,0,0-3207.76-367.91Zm64.25,139.36c-11.24,13.77-20.09,28.82-23.4,46.53-2.45,13.05-2.57,26,3.7,38.31a12.39,12.39,0,0,1,.56,1.85l-12.07,5.61c-14-32.17-5.31-60.86,12-89-8.12.51-15.24-.7-21.78-4.65a3.1,3.1,0,0,0-2.67-.11c-6.27,3.82-13.09,5.23-20.9,4.83,17.24,28.12,25.28,57,10.74,88.94-2.45-1.13-4.35-2-6.22-2.88s-3.76-1.89-5.5-2.76c1.68-5.1,3.88-9.89,4.8-14.92,3.26-17.72-.1-34.59-8.88-50.06-5.25-9.25-12-17.66-18.2-26.36a75.59,75.59,0,0,0-5.61-6.32l7.67-8.72c24.27,13.47,26.36,13.45,43.89-.94.7.93,1.41,1.93,2.19,2.88,6.64,8.11,15.28,9.54,24.64,6.47,5.95-2,11.5-5.11,17.56-7.89l7.06,8.15C-3137.2-235.88-3140.46-232.3-3143.51-228.55Z\" transform=\"translate(3343.89 418.21)\"></path><rect y=\"153.62\" width=\"30.8\" height=\"9.69\"></rect><rect x=\"153.43\" width=\"9.94\" height=\"30.73\"></rect><path d=\"M-3293.24-328l-5.12,8.85-26.95-15.56c1.77-3.06,3.33-5.73,5.12-8.82Z\" transform=\"translate(3343.89 418.21)\"></path><path d=\"M-3244.23-95.34h117.05c-.26,1.18-.42,2-.64,2.86-3.38,13-4.17,13.61-17.41,13.61-29.3,0-58.6,0-87.9.07-3.06,0-4.92-.84-6-3.66C-3240.7-86.61-3242.39-90.72-3244.23-95.34Z\" transform=\"translate(3343.89 418.21)\"></path><path d=\"M-3168.5-52.08a16.43,16.43,0,0,1-9.81,15.52c-1.12.51-2.24,1-3.36,1.49h-7.49c-6.54-2.41-11.49-6.36-13.06-13.55-.23-1.06-.27-2.16-.43-3.46Z\" transform=\"translate(3343.89 418.21)\"></path><path d=\"M-3253.57-367.66l-15.54-26.94,8.82-5.07c5.16,8.91,10.24,17.68,15.58,26.92Z\" transform=\"translate(3343.89 418.21)\"></path></svg>', 0, '2024-08-11 21:11:34'),
(13, '#a09600', '<svg id=\"Calque_1\" data-name=\"Calque 1\" xmlns=\"http://www.w3.org/2000/svg\" viewBox=\"0 0 316.86 383.14\"><path d=\"M-3231.85-72.21h93.28c-1.8,1.89-3.09,3.46-4.59,4.78-6.27,5.56-13.42,8.72-22,8.62-13.57-.17-27.15-.15-40.72,0-10.38.1-18.32-4.63-25.12-11.92A10,10,0,0,1-3231.85-72.21Z\" transform=\"translate(3343.89 418.21)\"></path><rect x=\"99.25\" y=\"299.71\" width=\"118.55\" height=\"16.18\"></rect><path d=\"M-3117.24-367.69l-8.85-5.07c5.22-9,10.27-17.81,15.55-26.95l8.83,5.09Z\" transform=\"translate(3343.89 418.21)\"></path><path d=\"M-3045.51-334.68l-26.92,15.55-5.16-8.82,27-15.57Z\" transform=\"translate(3343.89 418.21)\"></path><rect x=\"286.11\" y=\"153.57\" width=\"30.75\" height=\"9.88\"></rect><path d=\"M-3207.76-367.91c-57.86,12.13-96.86,67.3-85,130.88,2.73,14.64,9.59,27.19,19.12,38.29,17.39,20.26,26.09,43.82,27.65,70.22.17,2.91,1.43,3.4,4,3.39,18.83-.09,37.66-.05,56.49-.05h53.5c6.69,0,6.67,0,7.26-6.52.12-1.36.47-2.7.61-4.06,2.33-21.94,9.86-41.72,23.83-59,5.23-6.47,10.39-13.19,14.35-20.46,11.31-20.77,12.16-43.32,7.94-65.83A108.8,108.8,0,0,0-3207.76-367.91Zm64.25,139.36c-11.24,13.77-20.09,28.82-23.4,46.53-2.45,13.05-2.57,26,3.7,38.31a12.39,12.39,0,0,1,.56,1.85l-12.07,5.61c-14-32.17-5.31-60.86,12-89-8.12.51-15.24-.7-21.78-4.65a3.1,3.1,0,0,0-2.67-.11c-6.27,3.82-13.09,5.23-20.9,4.83,17.24,28.12,25.28,57,10.74,88.94-2.45-1.13-4.35-2-6.22-2.88s-3.76-1.89-5.5-2.76c1.68-5.1,3.88-9.89,4.8-14.92,3.26-17.72-.1-34.59-8.88-50.06-5.25-9.25-12-17.66-18.2-26.36a75.59,75.59,0,0,0-5.61-6.32l7.67-8.72c24.27,13.47,26.36,13.45,43.89-.94.7.93,1.41,1.93,2.19,2.88,6.64,8.11,15.28,9.54,24.64,6.47,5.95-2,11.5-5.11,17.56-7.89l7.06,8.15C-3137.2-235.88-3140.46-232.3-3143.51-228.55Z\" transform=\"translate(3343.89 418.21)\"></path><rect y=\"153.62\" width=\"30.8\" height=\"9.69\"></rect><rect x=\"153.43\" width=\"9.94\" height=\"30.73\"></rect><path d=\"M-3293.24-328l-5.12,8.85-26.95-15.56c1.77-3.06,3.33-5.73,5.12-8.82Z\" transform=\"translate(3343.89 418.21)\"></path><path d=\"M-3244.23-95.34h117.05c-.26,1.18-.42,2-.64,2.86-3.38,13-4.17,13.61-17.41,13.61-29.3,0-58.6,0-87.9.07-3.06,0-4.92-.84-6-3.66C-3240.7-86.61-3242.39-90.72-3244.23-95.34Z\" transform=\"translate(3343.89 418.21)\"></path><path d=\"M-3168.5-52.08a16.43,16.43,0,0,1-9.81,15.52c-1.12.51-2.24,1-3.36,1.49h-7.49c-6.54-2.41-11.49-6.36-13.06-13.55-.23-1.06-.27-2.16-.43-3.46Z\" transform=\"translate(3343.89 418.21)\"></path><path d=\"M-3253.57-367.66l-15.54-26.94,8.82-5.07c5.16,8.91,10.24,17.68,15.58,26.92Z\" transform=\"translate(3343.89 418.21)\"></path></svg>', 0, '2024-08-11 21:11:34'),
(29, '#ff2d2d', '<svg id=\"Calque_1\" data-name=\"Calque 1\" viewBox=\"0 0 1605.5 1605.15\"><path d=\"M-923.51,1290.77c67.52,0,133.17-.06,198.81.14,4.32,0,8.7,1.73,12.92,3.08,33,10.53,55.73,40.48,55.74,75.17q.16,540-.21,1080c-.15,96.49-85.75,178.7-184.51,178.79q-438.12.4-876.22.1-177.26,0-354.5,0c-107.19-.11-189.79-82-189.82-188.89q-.22-666.24,0-1332.47c0-49.81,34-83.69,84-83.69q557.66,0,1115.33,0c52,0,85,33.42,85,86q0,644.51.08,1289c0,7.75-.06,15.71,1.63,23.18,3,13.3,13.11,19.48,25.9,19.16,12-.3,21.54-6.53,24.32-19.11,1.53-6.95,1.58-14.33,1.58-21.51q.11-542.52.06-1085Zm-695.61-107.35q-223.22,0-446.42,0c-25.7,0-35.21,9.55-35.3,35.26-.11,29-.06,58,0,86.93,0,29.78,8.75,38.35,39.16,38.36q178.06,0,356.13,0,265,0,530,0c28.84,0,37.86-9.12,37.91-38q.09-41.81,0-83.59c0-30.42-8.43-39-38.42-39Q-1397.57,1183.4-1619.12,1183.42Zm481.61,1097.65c0-51.81.1-103.62,0-155.43-.06-22.44-10.1-32.53-32.72-32.56q-153.78-.2-307.56,0c-23.67,0-33.75,9.78-33.79,33.46q-.28,153.75,0,307.51c0,23.53,10.26,33.47,33.83,33.5q153,.18,305.89,0c24.66,0,34.33-9.82,34.38-34.4Q-1137.41,2357.1-1137.51,2281.07Zm-588.72-642.48c0-51.27.11-102.54,0-153.81-.07-23.61-10.07-33.73-33.47-33.76q-153.84-.16-307.68,0c-23.41,0-33.37,10.14-33.39,33.82q-.16,153,0,306c0,24.66,9.86,34.67,34.29,34.7q153,.16,306,0c24.37,0,34.2-10.1,34.26-34.76C-1726.14,1740-1726.23,1689.31-1726.23,1638.59Zm215.87,347.25h300.83c15.6,0,31.22.49,46.79-.16,19.72-.82,30.79-15.87,25.22-34.31-5.26-17.39-19.76-18.89-34.94-18.89q-338.43.06-676.87.17c-7.07,0-16.47-.35-20.68,3.72-6.83,6.59-14.18,16.81-14,25.29.21,7.53,9.38,16.18,16.62,21.65,4.51,3.41,12.79,2.44,19.38,2.44Q-1679.16,1985.93-1510.36,1985.84Zm-323.31,481.75h227.1c5,0,10.06.29,15-.22,16.29-1.68,26.21-12.27,25.85-27.19-.34-14.27-10-24.22-25.43-25.89a126.26,126.26,0,0,0-13.35-.23q-228.76,0-457.54.09c-7.14,0-14.56.4-21.34,2.36-13,3.75-18.39,13.65-17.55,26.8.81,12.71,8.12,20.49,20.2,23.29,5.32,1.23,11.05,1,16.59,1Q-1948.89,2467.64-1833.67,2467.59Zm428.26-695.6q-114.46,0-228.91.11c-7.12,0-14.54.58-21.3,2.62-12.21,3.68-17.59,13.21-17.08,25.59s7.26,20.91,19.5,23.89c5.31,1.29,11,1.28,16.55,1.29q230.58.09,461.16,0a98.83,98.83,0,0,0,11.68-.25c15.13-1.79,25.11-12.24,25.3-26.19s-9.62-24.82-24.65-26.75c-4.94-.63-10-.33-15-.33Q-1291.79,1772-1405.41,1772Zm-427,321h-38.45c-65.76,0-131.52-.14-197.28.08-23.75.09-37,17-29.1,36.78,6,15,19.14,16.74,33.22,16.73q230.71-.12,461.43-.11c5.51,0,11.25-.12,16.51-1.57,17.43-4.81,26.61-24.18,15.59-37.85-6.17-7.65-19.4-13.32-29.54-13.46C-1677.44,2092.53-1754.91,2093-1832.37,2093Zm507.44-642q-76.89,0-153.79,0c-12.26,0-23.47,1.82-29.85,14-10.72,20.48,3.38,39.45,29.94,39.51q121.2.29,242.38.07c23.41,0,46.83.53,70.21-.24,20-.66,32.18-16.17,27.27-33.22-4.43-15.39-15.85-20.16-30.7-20.13C-1221.29,1451.05-1273.11,1451-1324.93,1451Zm-188.13,214c42.92,0,85.84.14,128.75-.06,20.35-.1,32-9.7,32.49-26,.55-16.86-11.6-27.41-32.65-27.44q-127.92-.19-255.83,0c-21.73,0-32.8,9.5-32.76,27,0,17.7,10.66,26.41,32.92,26.48C-1597.78,1665.11-1555.42,1665-1513.06,1665Zm-426.41,588.51q-62.64,0-125.28,0c-23.17,0-35.09,8.93-35.44,26.21-.36,17.79,12.05,27.24,36.19,27.3,30.62.08,61.25,0,91.87,0,53.46,0,106.91.16,160.37-.09,22-.11,35-13.37,31.69-31.29-2.62-14.38-12.74-22-30.77-22.09C-1853.72,2253.4-1896.59,2253.54-1939.47,2253.53ZM-1218.95,1665v-.12c18.4,0,36.83.7,55.17-.21,16-.8,26.47-12.61,26.06-27.1-.4-13.91-10.52-25.36-25.7-25.68-36.22-.76-72.47-.84-108.68,0-17.34.39-27,12-26.34,28.07.65,15.1,10.52,24.45,27.66,25S-1236.23,1665-1218.95,1665Zm-425.38,588.59c-17.82,0-35.65-.45-53.45.13-17.31.56-28.2,11.56-28,26.88.23,14.6,10.63,25.82,27,26.16q52.59,1.07,105.22.06c17.55-.32,28-11.46,27.79-26.95s-10.83-25.68-28.52-26.2C-1610.91,2253.18-1627.63,2253.56-1644.33,2253.58Zm-374.05-267.75c16.69,0,33.38.22,50.07,0,18.45-.31,28.54-9.14,29.2-24.92.69-16.47-9.65-27.76-28.07-28.11-34.48-.65-69-.56-103.47-.07-17.3.24-28.51,11.15-28.88,26.1-.39,15.89,10.8,26.5,29.42,27C-2052.88,1986.16-2035.62,1985.82-2018.38,1985.83Z\" transform=\"translate(2261.39 -1022.97)\"></path><path d=\"M-1457.77,2412.94V2147.38h265.66v265.56Z\" transform=\"translate(2261.39 -1022.97)\"></path><path d=\"M-2046.17,1505.26h265.5v265.41h-265.5Z\" transform=\"translate(2261.39 -1022.97)\"></path></svg>', 66, '2024-08-13 23:21:06'),
(31, '#fb2ffb', '<svg id=\"Calque_1\" data-name=\"Calque 1\" xmlns=\"http://www.w3.org/2000/svg\" viewBox=\"0 0 1416.22 1416.09\"><path d=\"M6762.23,1275.38q-122.92-122.88-246-245.56c-18.24-18.13-37.36-35.39-55.33-52.35,184.38-303.73,64.73-637.06-154.23-790.41-231.28-162-545.88-136.49-745.88,62.91-200.86,200.27-228.88,512.74-66.14,745.2,80,114.23,187.83,190.91,322.26,227.05,164,44.1,319.44,19.43,469.25-71.19,4.63,6.52,8.51,14,14.18,19.7q139.08,139.59,278.62,278.73c8.33,8.31,17,16.54,26.46,23.42,69.18,50.19,166.4,18.83,192.89-62.44C6815.37,1358,6800.26,1313.4,6762.23,1275.38ZM5551.9,655.3c-1.65,22.09-10.19,35.2-26.08,33.59-19.75-2-23.56-15.68-23.59-33.25C5502,456.71,5644,270.26,5839.61,215.56c35.9-10,73.3-14.67,110-21.79,32.17,3.07,44.42,9.66,44.75,27.23s-11.92,24.78-43.13,25.48c-184.39,4.13-355.55,149.39-390.49,332.22C5555.93,603.88,5553.82,629.68,5551.9,655.3Zm342.29,271.11c-.54-41.8,33.66-76,75.73-75.69,41.57.28,73.91,32.66,74.26,74.33.35,42-31.37,74.8-72.88,75.45C5928.61,1001.16,5894.74,968.62,5894.19,926.41Zm173-165.66c-9.92,4.87-16.08,16.89-25.3,23.84-8.27,6.23-17.93,12.67-27.76,14.32-14.35,2.41-29.41.62-44.17.62s-29.54.44-44.28-.1c-23.63-.88-33.07-11.82-30.87-35.58,6-64.61,39.66-109.36,98.32-135.9,40.06-18.12,59.45-50.8,51.41-87-8.45-38.07-40.84-64.26-77.42-62.6-37.63,1.71-67.85,29.27-73.85,67.33-5.07,32.19-6.36,33.32-39.35,33.37-27.31,0-54.62.28-81.92-.1-21.61-.3-30.2-9.77-29.94-31.65,1.3-109,92.5-204.94,200.83-218.26,116.39-14.32,243.54,69.26,254.36,212.84C6203.92,630.1,6150.73,719.78,6067.2,760.75Z\" transform=\"translate(-5389.04 -80.96)\"></path></svg>', 0, '2024-08-14 08:35:07'),
(32, '#42aca7', '<svg id=\"Calque_1\" data-name=\"Calque 1\" xmlns=\"http://www.w3.org/2000/svg\" viewBox=\"0 0 2419.43 1931.68\"><path d=\"M-131.12,62.22c-17.23,32.1-45,49.8-78.26,63.43q-493.41,202-986.11,405.69c-45.91,18.93-92,22-140.43,10.15q-300.69-73.32-601.92-144.34c-21.83-5.15-45.15-4.94-67.81-5.33-44.72-.78-89.46-.23-135.75-.23V-239.18c4.6-.68,9-1.89,13.46-1.9,99.19-.08,198.4-1.2,297.55.81,25.91.52,53,7.41,77.16,17.27,83.53,34.12,166.28,70.18,248.74,106.82C-1459-96-1412.12-86.65-1362.64-87c65.34-.53,130.69-.77,196,0,77.71,1,132,56.63,123.24,128.79-7.93,65.5-46.73,110.62-120.4,110.28-103.12-.46-206.25,0-309.37-.2-18.58,0-35.14,3.49-42,23.11-8.42,24.21,7.68,43.64,36.35,43.73,94.47.28,189-.7,283.4.46,48,.6,94.4-2.32,135.57-30.3,29.06-19.74,53.44-43.44,68.32-76.31,3.2-7.08,12.46-14.44,20.11-16.06Q-612.13,20.44-252.63-54.28C-203-64.64-160.46-42.79-138.44,3.54c1.93,4.06,4.86,7.64,7.32,11.44Z\" transform=\"translate(2550.55 1383.2)\"></path><path d=\"M-940-567.45c0-30.17.31-58.43-.09-86.68-.45-32.31-12.29-44.11-44.43-44.22q-93.27-.33-186.53,0c-32.48.12-43.28,11.21-43.6,44.32-.27,28.21,0,56.42,0,87.9h-26.85q-319.92,0-639.85,0c-38.45,0-60-20.74-60-59q-.3-245.55,0-491.1c.07-45,19.32-63.24,65.73-63.28q212.49-.17,425,0h30.16c0-33.58-.07-64.83,0-96.09.19-67.56,39.72-107.48,106.61-107.5q242-.09,484,0c64.56,0,104.28,38.27,106.31,103.29,1,31.22.17,62.5.17,96.65h30.33q203.06,0,406.11,0c56.48,0,73.8,17,73.82,72.68.06,159,.56,318-.71,476.93-.15,18.28-7.58,38.15-17.08,54-4.89,8.17-21.76,12.84-33.24,12.87q-331.72,1.08-663.46.47C-930.75-566.23-933.79-566.81-940-567.45Zm-396-613.93h524.66c0-30.84-.88-59.92.29-88.91.85-20.87-5.45-29.09-28-28.82-96,1.15-192.08.49-288.13.49-62.19,0-124.39.38-186.57-.26-16.13-.16-22.86,5.07-22.44,21.67C-1335.49-1245.84-1336-1214.44-1336-1181.38Z\" transform=\"translate(2550.55 1383.2)\"></path><path d=\"M-937.25-494.1H-271c.4,9.24,1.09,17.67,1.09,26.11.07,107.84-.61,215.68.64,323.5.24,20.34-6.89,26.7-25.13,30.51Q-621.53-45.73-948.39,23.56C-955.07,25-962,25.1-969.72,25.93c-9.93-75.87-45.92-133.4-116.48-162.84-26.71-11.14-57.71-15.41-87-16.39-72.34-2.43-144.82-.28-217.2-2-19.05-.44-39-5.5-56.7-12.89q-121.68-50.86-242.14-104.6c-53.26-23.87-108-38-166.6-35.42-6.83.3-13.72-1-21.32-1.56V-493.6h662.38c0,25.22.78,50.21-.23,75.13-.88,21.5,8.06,35.58,26.56,45.71,30.31,16.58,60.1,34.1,90.07,51.31,18,10.34,35.72,10,53.49-.68,27.65-16.54,55.23-33.21,83.17-49.24,16.68-9.57,24.68-23.27,24.5-42.39C-937.44-440.28-937.25-466.81-937.25-494.1Z\" transform=\"translate(2550.55 1383.2)\"></path><path d=\"M-2550.55,514.09c20.21-285.46,40.26-568.5,60.36-852.4h274.84v852.4Z\" transform=\"translate(2550.55 1383.2)\"></path><path d=\"M-1141.27-630.23H-1004v139.65c0,64,.19,64.39-55.77,94.58-6.61,3.56-18.14,3.75-24.89.43-57.08-28.08-56.73-28.43-57.3-92.3-.4-45.55-1.37-91.09-2-136.64C-1144-625.88-1142.72-627.28-1141.27-630.23Z\" transform=\"translate(2550.55 1383.2)\"></path></svg>', 0, '2024-08-14 08:36:56'),
(35, '#fe7802', '<svg viewBox=\"0 0 512 512\"><path d=\"M176 24c0-13.3-10.7-24-24-24s-24 10.7-24 24V64c-35.3 0-64 28.7-64 64H24c-13.3 0-24 10.7-24 24s10.7 24 24 24H64v56H24c-13.3 0-24 10.7-24 24s10.7 24 24 24H64v56H24c-13.3 0-24 10.7-24 24s10.7 24 24 24H64c0 35.3 28.7 64 64 64v40c0 13.3 10.7 24 24 24s24-10.7 24-24V448h56v40c0 13.3 10.7 24 24 24s24-10.7 24-24V448h56v40c0 13.3 10.7 24 24 24s24-10.7 24-24V448c35.3 0 64-28.7 64-64h40c13.3 0 24-10.7 24-24s-10.7-24-24-24H448V280h40c13.3 0 24-10.7 24-24s-10.7-24-24-24H448V176h40c13.3 0 24-10.7 24-24s-10.7-24-24-24H448c0-35.3-28.7-64-64-64V24c0-13.3-10.7-24-24-24s-24 10.7-24 24V64H280V24c0-13.3-10.7-24-24-24s-24 10.7-24 24V64H176V24zM160 128H352c17.7 0 32 14.3 32 32V352c0 17.7-14.3 32-32 32H160c-17.7 0-32-14.3-32-32V160c0-17.7 14.3-32 32-32zm192 32H160V352H352V160z\"/></svg>', 1675, '2024-08-19 08:59:59'),
(37, '#7d0f12', 'svg', 0, '2024-08-27 09:10:40');

-- --------------------------------------------------------

--
-- Structure de la table `category_traduction`
--

CREATE TABLE `category_traduction` (
  `id` int(11) NOT NULL,
  `id_category` int(11) NOT NULL,
  `lang_code` varchar(2) NOT NULL,
  `name` varchar(255) NOT NULL,
  `description` varchar(255) NOT NULL
) ENGINE=InnoDB DEFAULT CHARSET=utf8mb4;

--
-- Déchargement des données de la table `category_traduction`
--

INSERT INTO `category_traduction` (`id`, `id_category`, `lang_code`, `name`, `description`) VALUES
(1, 1, 'fr', 'Program', 'Apprenez a programmer et a developper des applications avec nos Tutoriels et nos ressources, pour les debutants et les experts\r\n'),
(2, 1, 'en', 'Programming', 'noch nicht'),
(3, 2, 'fr', 'Securite', 'Protegez votre vie numerique et vos donnees avec nos conseils et astuces de securite, pour eviter les menaces et les vulnerabilites\r\n'),
(4, 2, 'en', 'Security', 'noch nicht'),
(5, 3, 'fr', 'Tutoriel', 'Apprenez a maitriser les outils et les logiciels technologiques avec nos tutoriels etape par etape, pour debutants et experts'),
(6, 3, 'en', 'Tutorial', 'noch nicht'),
(8, 12, 'fr', 'Tutoriel', 'Apprenez a maitriser les outils et les logiciels technologiques avec nos tutoriels etape par etape, pour debutants et experts'),
(28, 29, 'fr', 'Developpement Personnel', 'Dernières nouvelles et tendances de la technologie, mises a jour quotidiennes sur les innovation et les avances technologiques'),
(35, 32, 'fr', 'Sport', 'lorem ipsum doctor'),
(36, 32, 'en', 'Test', 'lorem ipsum'),
(37, 12, 'en', 'Tutorial', 'noch nicht'),
(38, 35, 'fr', 'Technologie', 'lorem'),
(39, 35, 'en', 'Technology', 'bla bla bla blaa'),
(44, 37, 'fr', 'Test', 'sdf'),
(47, 37, 'de', 'Test', 'test'),
(48, 35, 'de', 'Technologie', 'lorem');

-- --------------------------------------------------------

--
-- Structure de la table `collection`
--

CREATE TABLE `collection` (
  `id` bigint(20) NOT NULL,
  `id_user` bigint(20) NOT NULL,
  `id_article` varchar(32) NOT NULL,
  `date_add` datetime NOT NULL DEFAULT current_timestamp()
) ENGINE=InnoDB DEFAULT CHARSET=utf8mb4;

--
-- Déchargement des données de la table `collection`
--

INSERT INTO `collection` (`id`, `id_user`, `id_article`, `date_add`) VALUES
(24, 90671734248020, '98a0d32e3f071878c8b0aedf5f3268af', '2024-12-22 00:54:04'),
(45, 62611734286553, 'f81259f96dac273d839294d9854a22ff', '2024-12-22 00:54:04'),
(56, 90671734248020, '9f632460e3f7d64329131f1b7d564600', '2025-01-11 09:53:14'),
(57, 90671734248020, '1', '2025-01-11 10:07:35'),
(58, 76431736595590, 'eec93f06dff8d5e462d4c8ecde5f6e85', '2025-01-11 12:41:50');

-- --------------------------------------------------------

--
-- Structure de la table `evaluation`
--

CREATE TABLE `evaluation` (
  `id` int(11) NOT NULL,
  `id_article` varchar(32) NOT NULL,
  `ip_user` varchar(12) NOT NULL,
  `utile` int(1) NOT NULL,
  `message` text NOT NULL,
  `date_create` datetime NOT NULL DEFAULT current_timestamp()
) ENGINE=InnoDB DEFAULT CHARSET=utf8mb4;

--
-- Déchargement des données de la table `evaluation`
--

INSERT INTO `evaluation` (`id`, `id_article`, `ip_user`, `utile`, `message`, `date_create`) VALUES
(1, '1', '127.0.0.1', 1, 'ds', '2025-02-28 23:16:44'),
(2, 'f81259f96dac273d839294d9854a22ff', '127.0.0.1', 0, 'Les Instructions données ne fonctionnent pas', '2025-02-28 23:16:44'),
(3, 'f81259f96dac273d839294d9854a22ff', '127.0.0.1', 1, 'function', '2025-02-28 23:16:44'),
(4, '1', '127.0.0.1', 0, 'The article doesn\'t describe my problem', '2025-02-28 23:17:30');

-- --------------------------------------------------------

--
-- Structure de la table `language`
--

CREATE TABLE `language` (
  `id` int(11) NOT NULL,
  `img` varchar(255) NOT NULL,
  `code` varchar(2) NOT NULL,
  `name` varchar(255) NOT NULL
) ENGINE=InnoDB DEFAULT CHARSET=utf8mb4;

--
-- Déchargement des données de la table `language`
--

INSERT INTO `language` (`id`, `img`, `code`, `name`) VALUES
(1, 'fr.png', 'fr', 'Francais'),
(2, 'en.png', 'en', 'Englisch'),
(13, 'de.png', 'de', 'Deutsch'),
(14, 'zh.png', 'zh', 'Chinois'),
(15, 'es.png', 'es', 'Espaniol');

-- --------------------------------------------------------

--
-- Structure de la table `tags`
--

CREATE TABLE `tags` (
  `id` int(11) NOT NULL,
  `id_category` int(11) NOT NULL,
  `svg` text NOT NULL,
  `views` int(11) NOT NULL DEFAULT 0,
  `date_create` datetime NOT NULL DEFAULT current_timestamp()
) ENGINE=InnoDB DEFAULT CHARSET=utf8mb4;

--
-- Déchargement des données de la table `tags`
--

INSERT INTO `tags` (`id`, `id_category`, `svg`, `views`, `date_create`) VALUES
(1, 35, '<svg id=\'Calque_1\' data-name=\"Calque 1\" xmlns=\"http://www.w3.org/2000/svg\" viewBox=\"0 0 354.18 354.14\"><path d=\"M-2357.68-212.39h.22q0-40.05,0-80.08a102.39,102.39,0,0,0-4.51-31.28c-11-34.79-44.61-65.89-91.92-65.71-53.63.21-107.27,0-160.9.06a101.46,101.46,0,0,0-31.26,4.62c-36.13,11.6-65.69,46.4-65.43,91.74.3,53.75-.06,107.52.2,161.27a110.42,110.42,0,0,0,3,25.49c9.48,38.64,45.34,71.2,93.46,71,53.63-.26,107.27-.06,160.9,0,15.42,0,30.27-2.72,44-10,32-17,50.42-43.52,52-79.86C-2356.68-154.23-2357.68-183.33-2357.68-212.39Zm-234.61,50.44a16.26,16.26,0,0,1-15.18,9.6,14.76,14.76,0,0,1-11.15-4.39c-14.85-14.77-29.76-29.49-44.41-44.45a15.72,15.72,0,0,1,.11-22.58q21.89-22.28,44.16-44.16a16.44,16.44,0,0,1,23.22.29,16.5,16.5,0,0,1-.11,23.24c-8.18,8.39-16.55,16.59-24.82,24.89-5.24,5.25-5.2,9,.11,14.33,8.28,8.3,16.64,16.52,24.83,24.89A16.31,16.31,0,0,1-2592.29-161.95Zm91.09-135.94q-12.93,67-25.76,134c-2.79,14.52-5.52,29.06-8.4,43.56-1.69,8.52-7.77,14-15.4,14.31-8.18.29-14.69-4.23-16.91-11.87a44.45,44.45,0,0,1-.83-5.2c1.44-7.57,2.93-15.51,4.45-23.43q10.31-53.46,20.6-106.9c3.29-17.08,6.52-34.18,9.85-51.26,1.94-9.94,10.7-15.94,20-13.86S-2499.29-307.82-2501.2-297.89Zm95.46,96.44c-14.83,15.14-29.79,30.16-45,44.89-2.64,2.56-6.84,3.5-10.32,5.19l-.48-1a16.06,16.06,0,0,1-15.27-10c-2.73-6.68-1.55-12.81,3.41-17.93,8.16-8.42,16.54-16.61,24.82-24.91,5.24-5.26,5.27-9.16.09-14.36-8.27-8.3-16.67-16.48-24.82-24.9a16.34,16.34,0,0,1,6.87-27.34c5.7-1.72,11.31-.94,15.66,3.36,15.18,15,30.31,30,45.21,45.24A15.59,15.59,0,0,1-2405.74-201.45Z\" transform=\"translate(2711.48 389.46)\"></path></svg>', 714, '2024-08-22 17:55:02'),
(2, 35, 'dsfa', 967, '2024-08-22 18:44:28'),
(3, 3, 'dasf', 106, '2024-08-24 20:48:20'),
(4, 29, 'dadf', 66, '2024-08-25 07:46:51');

-- --------------------------------------------------------

--
-- Structure de la table `tags_traduction`
--

CREATE TABLE `tags_traduction` (
  `id` int(11) NOT NULL,
  `id_tags` int(11) NOT NULL,
  `lang_code` char(3) NOT NULL,
  `name` varchar(255) NOT NULL,
  `description` varchar(255) NOT NULL
) ENGINE=InnoDB DEFAULT CHARSET=utf8mb4;

--
-- Déchargement des données de la table `tags_traduction`
--

INSERT INTO `tags_traduction` (`id`, `id_tags`, `lang_code`, `name`, `description`) VALUES
(1, 1, 'fr', 'programmation', 'test'),
(2, 1, 'en', 'programming', ''),
(3, 2, 'fr', 'php', 'das'),
(4, 2, 'en', 'php', 'bla'),
(5, 3, 'fr', 'bonjour', 'dlsak'),
(11, 3, 'en', 'daslfjalk', 'lkdjasfask'),
(12, 4, 'fr', 'Leadership', 'dda'),
(13, 2, 'de', 'php', 'tezt'),
(14, 1, 'de', 'programmierung', 'infos');

-- --------------------------------------------------------

--
-- Structure de la table `traduction`
--

CREATE TABLE `traduction` (
  `id` int(11) NOT NULL,
  `id_article` varchar(32) NOT NULL,
  `lang_code` varchar(2) NOT NULL,
  `title` varchar(255) NOT NULL,
  `slug` varchar(255) NOT NULL,
  `description` varchar(255) NOT NULL,
  `intro` text NOT NULL,
  `content` text NOT NULL
) ENGINE=InnoDB DEFAULT CHARSET=utf8mb4;

--
-- Déchargement des données de la table `traduction`
--

INSERT INTO `traduction` (`id`, `id_article`, `lang_code`, `title`, `slug`, `description`, `intro`, `content`) VALUES
(1, '1', 'fr', 'Comment Avoir Confiance en Soi', 'Comment_Avoir_Confiance_En_Soi', 'bla bla', 'La confiance en soi, c\'est comme avoir un super pouvoir secret. Ça vous donne le courage de foncer tête baissée dans la vie, de réaliser vos rêves les plus fous et de botter les fesses des obstacles qui se dressent sur votre chemin. Et devine quoi ? Ça s\'apprend ! Alors, il suffit de vous entraîner un peu tous les jours. Bientôt, vous serez tellement sûr de vous que vous pourriez affronter n\'importe quoi, même un lion affamé! Allez, enfilez vos capes et allez conquérir le monde ! ', '<section>\r\n\r\n<h2><span>1</span><span>Acceptez-vous tel que vous êtes.</span></h2>\r\n<img src=\'/uploads/articles/1/blogTuto_66d3786366f1f.jpg\' alt=\'accepter vous tel que vous êtes\' title=\'accepter vous tel que vous êtes\'>\r\n<p>La confiance en soi repose sur l\'acceptation de soi. Il est essentiel de reconnaître et d\'apprécier qui vous êtes, sans chercher à vous comparer à d\'autres personnes. Plutôt que de gaspiller votre énergie à vouloir être quelqu\'un d\'autre, concentrez-vous sur votre propre être et apprenez à vous accepter tel que vous êtes. Il y a une citation qui dit : </p>\r\n<blockquote cite=\'Doris Mortman\'>« Tant que vous n’aurez pas accepté qui vous êtes, rien de ce que vous aurez ne vous satisfera jamais » <b>Doris Mortman</b></blockquote>\r\n<p>Cependant, cela ne signifie pas que vous ne pouvez pas vous améliorer. Il est toujours possible de progresser et de développer vos compétences. Suivre des formations en ligne en développement personnel et professionnel peut être un excellent moyen d\'atteindre cet objectif. En investissant dans votre croissance personnelle, vous renforcerez votre confiance en vous et vous vous sentirez plus épanoui(e) dans votre vie. </p>\r\n</section>\r\n\r\n\r\n<section>\r\n\r\n<h2><span>2</span><span>Changez vos croyances.</span></h2>\r\n<p>Il peut arriver que vous vous  dites parfois : \'\'Je ne suis pas capable, il ou elle va me repousser\'\'. Ces pensées négatives et empreintes de peur peuvent vous bloquez dans votre progression et vous empêchez d\'exploiter pleinement votre potentiel. Il est important de réaliser que ces croyances ne sont pas rares. De nombreux professionnels, y compris des entrepreneurs, luttent quotidiennement avec ces pensées qui entravent leur succès. <br><br> Quand vous n’avez pas confiance en vous, vous pensez que vous n’êtes pas important, mais si vous voulez changer votre vie vous devez d’abord commencer par changer vos croyances, remplacées les par des encouragements et des pensée positif en vous disant : </p>\r\n<ul>\r\n<li>\'\'j’ai tous les capacités nécessaires pour réussir ce que j’entreprends\'\'</li>\r\n<li>\'\'personne ne vas le faire à ma place, vas-y bouge\'\'</li>\r\n</ul>  \r\n<p>La clé réside dans la capacité à reconnaître ces croyances pour mieux les surmonter.</p>\r\n</section>\r\n'),
(12, '19', 'fr', 'titre', 'slug_test', 'description', 'ddaf', '<section>\r\n\r\n<h2> <span> 1 </span> <span> Title </span> </h2>\r\n<div class=\"box-img\"><img src=\'sd.jpg\'></div>\r\n<p> content\r\n\r\nbonjour a tous\r\n </p>\r\n\r\n</section>\r\n\r\n'),
(15, '2', 'fr', 'Comment Devenir Riche', 'comment_devenir_riche', 'lorem ipsum', 'introduction', 'blabla blabla'),
(19, '23', 'fr', 'renamefiled', 'fatal_test', 'dsklafj', 'dsafdlj', '<section>\r\n\r\n<h2> <span> 1 </span> <span> Title </span> </h2>\r\n<p> content </p>\r\n\r\n</section>\r\n\r\n'),
(26, '29', 'fr', 'test', 'test_tst', 'sdalk', 'Lorem ipsum dolor sit amet consectetur adipisicing elit. Corrupti atque, debitis dolore obcaecati modi nisi temporibus nulla eligendi. Atque pariatur eveniet neque soluta, incidunt consequuntur illo minus in ex corrupti!', '<section>\r\n\r\n<h2> <span>1</span> <span>Title</span> </h2>\r\n<img src=\'uploads/articles/blablabla.jpg\' alt=\'dalsk sd kfsdakfdlka\'>\r\n<p> Lorem ipsum dolor sit amet </p>\r\n<p></p>\r\n<p>elit. Similique voluptas iure repellendus tempora quos provident blanditiis pariatur, commodi <i>reiciendis</i> vel? Veniam soluta earum <a href=\'\'>dignissimos </a>atque minima. Natus dolorem expedita iste. </p>\r\n</section>\r\n\r\n\r\n<section>\r\n<h2> <span>1</span> <span>code</span></h2>\r\n<pre>\r\n  echo \"bonjour\"\r\n</pre>\r\n</section>\r\n\r\n\r\n'),
(29, '1', 'en', 'wie kann man selb vetrauen', 'wie_kann_man_selb_vetrauen', 'blabla blabla', 'lorem ipsum', '<article>\r\n\r\n<h1> <span> 1 </span> <span> Title </span> </h1>\r\n<p> content </p>\r\n\r\n</article>\r\n\r\n'),
(32, '98a0d32e3f071878c8b0aedf5f3268af', 'fr', 'Lorem ipsum dolor sit, amet consectetur adipisicing elit. Ipsum', 'das_lk', 'lksd;la', 'sdklfj', 'sdklafj'),
(33, '1ae230a31a0af4a330ae155befd7aada', 'fr', 'bonjour a tous', 'bonjour_a_tous', 'dsfjalk', 'dsafjasklk', '<section>\r\n<h2> <span>1</span> <span>Title</span> </h2>\r\n<p> content </p>\r\n</section>\r\n\r\n\r\n'),
(37, 'dfd35826f0c929aa595ef06d3eb61884', 'fr', 'Lorem ipsum dolor sit, amet consectetur adipisicing elit. Ipsum', 'iowe_sdahs', 'dooqwiuiou', 'djiowequoeiuqp', '<section>\r\n<img src=\'/uploads/articles/9429dda4ba4b752a97a136719d87c6cc/eowquoiu.jpg\' alt=\'oweiueriou\' title=\'oweiueriou\'>\r\n<h2> <span>1</span> <span>Title</span> </h2\r\n<img src=\'/uploads/articles/9429dda4ba4b752a97a136719d87c6cc/oweurir.jpg\' alt=\'ioeuwor\' title=\'ioeuwor\'>\r\n<p> content </p>\r\n</section>\r\n\r\n\r\n'),
(38, '9f632460e3f7d64329131f1b7d564600', 'fr', 'Lorem ipsum dolor sit, amet consectetur adipisicing elit. Ipsum', 'oaifoe_dasf', 'sdafewi', 'ewqueuoi', '<section>\r\n<img src=\'/uploads/articles/9f632460e3f7d64329131f1b7d564600/eowqieuo.jpg\' alt=\'eoiqwuer\' title=\'eoiqwuer\'>\r\n<h2> <span>1</span> <span>Title</span> </h2>\r\n<img src=\'/uploads/articles/9f632460e3f7d64329131f1b7d564600/oiuipoiu.jpg\' alt=\'piou\' title=\'piou\'>\r\n<p> content </p>\r\n<img src=\'/uploads/articles/9f632460e3f7d64329131f1b7d564600/dlasjl.jpg\' alt=\'lkajdsf\' title=\'lkajdsf\'>\r\n</section>\r\n\r\n\r\n'),
(41, 'eec93f06dff8d5e462d4c8ecde5f6e85', 'fr', 'Comment Debloquer la Monetisation TikTok dans les Pays Non-Eligible', 'Comment_debloquer_la_monetisation_TikTok_dans_les_pays_non-eligible', 'Lorem ipsum dolor sit amet consectetur adipisicing elit. Earum suscipit inventore quia. Dolores, ab ducimus recusandae sunt aut quo, odit quaerat accusamus impedit dignissimos, ad corporis velit saepe eaque neque!', 'Lorem ipsum dolor sit amet consectetur adipisicing elit. Earum suscipit inventore quia. Dolores, ab ducimus recusandae sunt aut quo, odit quaerat accusamus impedit dignissimos, ad corporis velit saepe eaque neque!', '<section>\r\n<h2> <span>1</span> <span>Title</span> </h2>\r\n<div class=\'box-img\'><img src=\'/uploads/articles/eec93f06dff8d5e462d4c8ecde5f6e85/blogTuto_66ddf140d106f.jpg\' alt=\'blas\' title=\'bla\'></div>\r\n<p> content </p>\r\n</section>\r\n\r\n\r\n'),
(43, 'f81259f96dac273d839294d9854a22ff', 'fr', 'Comment Devinir Milionaire a 20 Ans', 'comment_devinir_milionaire_a_20_ans', 'lorem ipsum', 'La confiance en soi, c\'est comme avoir un super pouvoir secret. Ça vous donne le courage de foncer tête baissée dans la vie, de réaliser vos rêves les plus fous et de botter les fesses des obstacles qui se dressent sur votre chemin. Et devine quoi ? Ça s\'apprend ! Alors, il suffit de vous entraîner un peu tous les jours. Bientôt, vous serez tellement sûr de vous que vous pourriez affronter n\'importe quoi, même un lion affamé! Allez, enfilez vos capes et allez conquérir le monde !', '<section>\r\n\r\n<h2> <span>1</span> <span>Title</span> </h2>\r\n<div class=\'box-img\'><img src=\"/uploads/articles/f81259f96dac273d839294d9854a22ff/avoir-un-laptop.jpg\" alt=\'avoir un laptop\' title=\'avoir un laptop\'></div>\r\n<p> content </p>\r\n</section>\r\n\r\n\r\n'),
(44, 'eec93f06dff8d5e462d4c8ecde5f6e85', 'de', 'Wie man die TikTok-Monetisierung in nicht förderfähigen Ländern entsperrt', 'wie_man_die-tiktok-monetisierung_in_nicht_förderfähigen_ländern_entsperrt', 'Lorem ipsum dolor sit amet consectetur adipisicing elit. Earum suscipit inventore quia. Dolores, ab ducimus recusandae sunt aut quo, odit quaerat accusamus impedit dignissimos, ad corporis velit saepe eaque neque!', 'Lorem ipsum dolor sit amet consectetur adipisicing elit. Earum suscipit inventore quia. Dolores, ab ducimus recusandae sunt aut quo, odit quaerat accusamus impedit dignissimos, ad corporis velit saepe eaque neque!', ' ');

-- --------------------------------------------------------

--
-- Structure de la table `user`
--

CREATE TABLE `user` (
  `id` bigint(20) NOT NULL,
  `email` varchar(255) NOT NULL,
  `password` varchar(255) NOT NULL,
  `pseudo` varchar(255) NOT NULL,
  `role` int(1) NOT NULL DEFAULT 0,
  `color` varchar(6) NOT NULL,
  `theme` int(1) NOT NULL,
  `date_creation` datetime NOT NULL DEFAULT current_timestamp()
) ENGINE=InnoDB DEFAULT CHARSET=utf8mb4;

--
-- Déchargement des données de la table `user`
--

INSERT INTO `user` (`id`, `email`, `password`, `pseudo`, `role`, `color`, `theme`, `date_creation`) VALUES
(10011734285468, 'sdffsad@gmail.com', '$2y$12$SWDX7rFHxcyEXEL76RdeSOTWiQubbDlYW8It5.hN0vYJzXY9/7LV.', 'User10011734285468', 0, 'a317ca', 1, '2024-12-15 18:57:49'),
(45791734248162, 'qwerty@gmail.com', '$2y$12$aQ5WKYcmithUyo5yN00n.uyCWSPowZJMP4LAAXoAeQWPSTsrsnkie', 'User45791734248162', 0, 'd9c30e', 0, '2024-12-15 08:36:02'),
(54251734286184, 'dsfdaf@gmail.com', '$2y$12$NMXlNRVi72cP.gVaHJtHBu5GYggS.p5HnWelNsRU6J7hZvOSaigCq', 'User54251734286184', 0, '57ca17', 1, '2024-12-15 19:09:45'),
(62611734286553, 'ange@gmail.com', '$2y$12$5SQWY8oiEPpzDMwj6gWIx.zqJGWzZID9gKBX5axZBCMAmJeLHdu4y', 'User62611734286553', 0, 'd9c30e', 0, '2024-12-15 19:15:53'),
(76431736595590, 'warren@gmail.com', '$2y$12$pGVPMn0BPPz7y45Bto/97O5L6Y6VvXcVoZVcEI3BDEqEBUoEDB.Bi', 'User76431736595590', 0, 'e61a1a', 0, '2025-01-11 12:39:51'),
(90671734248020, 'duval@gmail.com', '$2y$12$/cHb3BnvV3SNR67uv1C1jOfxH/D1fh/3F/O3KuJKcEKmHA2vrJMb2', 'Duval Tetsol', 0, 'f9058e', 0, '2024-12-15 08:33:41');

--
-- Index pour les tables déchargées
--

--
-- Index pour la table `article`
--
ALTER TABLE `article`
  ADD PRIMARY KEY (`id`),
  ADD KEY `id_autor` (`id_author`),
  ADD KEY `id_category` (`id_category`),
  ADD KEY `id_sous_category` (`id_tags`);

--
-- Index pour la table `author`
--
ALTER TABLE `author`
  ADD PRIMARY KEY (`id`);

--
-- Index pour la table `author_traduction`
--
ALTER TABLE `author_traduction`
  ADD PRIMARY KEY (`id`),
  ADD KEY `id_author` (`id_author`),
  ADD KEY `lang_code` (`lang_code`);

--
-- Index pour la table `category`
--
ALTER TABLE `category`
  ADD PRIMARY KEY (`id`);

--
-- Index pour la table `category_traduction`
--
ALTER TABLE `category_traduction`
  ADD PRIMARY KEY (`id`),
  ADD KEY `category_lang_fk_1` (`id_category`),
  ADD KEY `category_lang_fk_2` (`lang_code`);

--
-- Index pour la table `collection`
--
ALTER TABLE `collection`
  ADD PRIMARY KEY (`id`),
  ADD KEY `collection_ibfk_1` (`id_user`),
  ADD KEY `id_article` (`id_article`);

--
-- Index pour la table `evaluation`
--
ALTER TABLE `evaluation`
  ADD PRIMARY KEY (`id`),
  ADD KEY `id_article` (`id_article`);

--
-- Index pour la table `language`
--
ALTER TABLE `language`
  ADD PRIMARY KEY (`id`),
  ADD UNIQUE KEY `code` (`code`);

--
-- Index pour la table `tags`
--
ALTER TABLE `tags`
  ADD PRIMARY KEY (`id`),
  ADD KEY `id_category` (`id_category`);

--
-- Index pour la table `tags_traduction`
--
ALTER TABLE `tags_traduction`
  ADD PRIMARY KEY (`id`),
  ADD KEY `id_tags` (`id_tags`),
  ADD KEY `lang_code` (`lang_code`);

--
-- Index pour la table `traduction`
--
ALTER TABLE `traduction`
  ADD PRIMARY KEY (`id`),
  ADD KEY `lang_code` (`lang_code`),
  ADD KEY `id_article` (`id_article`);

--
-- Index pour la table `user`
--
ALTER TABLE `user`
  ADD PRIMARY KEY (`id`);

--
-- AUTO_INCREMENT pour les tables déchargées
--

--
-- AUTO_INCREMENT pour la table `author`
--
ALTER TABLE `author`
  MODIFY `id` int(11) NOT NULL AUTO_INCREMENT, AUTO_INCREMENT=16;

--
-- AUTO_INCREMENT pour la table `author_traduction`
--
ALTER TABLE `author_traduction`
  MODIFY `id` int(11) NOT NULL AUTO_INCREMENT, AUTO_INCREMENT=15;

--
-- AUTO_INCREMENT pour la table `category`
--
ALTER TABLE `category`
  MODIFY `id` int(11) NOT NULL AUTO_INCREMENT, AUTO_INCREMENT=38;

--
-- AUTO_INCREMENT pour la table `category_traduction`
--
ALTER TABLE `category_traduction`
  MODIFY `id` int(11) NOT NULL AUTO_INCREMENT, AUTO_INCREMENT=49;

--
-- AUTO_INCREMENT pour la table `collection`
--
ALTER TABLE `collection`
  MODIFY `id` bigint(20) NOT NULL AUTO_INCREMENT, AUTO_INCREMENT=68;

--
-- AUTO_INCREMENT pour la table `evaluation`
--
ALTER TABLE `evaluation`
  MODIFY `id` int(11) NOT NULL AUTO_INCREMENT, AUTO_INCREMENT=5;

--
-- AUTO_INCREMENT pour la table `language`
--
ALTER TABLE `language`
  MODIFY `id` int(11) NOT NULL AUTO_INCREMENT, AUTO_INCREMENT=19;

--
-- AUTO_INCREMENT pour la table `tags`
--
ALTER TABLE `tags`
  MODIFY `id` int(11) NOT NULL AUTO_INCREMENT, AUTO_INCREMENT=5;

--
-- AUTO_INCREMENT pour la table `tags_traduction`
--
ALTER TABLE `tags_traduction`
  MODIFY `id` int(11) NOT NULL AUTO_INCREMENT, AUTO_INCREMENT=15;

--
-- AUTO_INCREMENT pour la table `traduction`
--
ALTER TABLE `traduction`
  MODIFY `id` int(11) NOT NULL AUTO_INCREMENT, AUTO_INCREMENT=45;

--
-- AUTO_INCREMENT pour la table `user`
--
ALTER TABLE `user`
  MODIFY `id` bigint(20) NOT NULL AUTO_INCREMENT, AUTO_INCREMENT=90671734248021;

--
-- Contraintes pour les tables déchargées
--

--
-- Contraintes pour la table `article`
--
ALTER TABLE `article`
  ADD CONSTRAINT `article_ibfk_1` FOREIGN KEY (`id_author`) REFERENCES `author` (`id`),
  ADD CONSTRAINT `article_ibfk_2` FOREIGN KEY (`id_category`) REFERENCES `category` (`id`),
  ADD CONSTRAINT `article_ibfk_3` FOREIGN KEY (`id_tags`) REFERENCES `tags` (`id`);

--
-- Contraintes pour la table `author_traduction`
--
ALTER TABLE `author_traduction`
  ADD CONSTRAINT `author_traduction_ibfk_1` FOREIGN KEY (`id_author`) REFERENCES `author` (`id`),
  ADD CONSTRAINT `author_traduction_ibfk_2` FOREIGN KEY (`lang_code`) REFERENCES `language` (`code`);

--
-- Contraintes pour la table `category_traduction`
--
ALTER TABLE `category_traduction`
  ADD CONSTRAINT `category_lang_fk_1` FOREIGN KEY (`id_category`) REFERENCES `category` (`id`),
  ADD CONSTRAINT `category_lang_fk_2` FOREIGN KEY (`lang_code`) REFERENCES `language` (`code`);

--
-- Contraintes pour la table `collection`
--
ALTER TABLE `collection`
  ADD CONSTRAINT `collection_ibfk_1` FOREIGN KEY (`id_user`) REFERENCES `user` (`id`),
  ADD CONSTRAINT `collection_ibfk_2` FOREIGN KEY (`id_article`) REFERENCES `article` (`id`);

--
-- Contraintes pour la table `evaluation`
--
ALTER TABLE `evaluation`
  ADD CONSTRAINT `evaluation_ibfk_1` FOREIGN KEY (`id_article`) REFERENCES `article` (`id`);

--
-- Contraintes pour la table `tags`
--
ALTER TABLE `tags`
  ADD CONSTRAINT `tags_ibfk_1` FOREIGN KEY (`id_category`) REFERENCES `category` (`id`);

--
-- Contraintes pour la table `tags_traduction`
--
ALTER TABLE `tags_traduction`
  ADD CONSTRAINT `tags_traduction_ibfk_1` FOREIGN KEY (`id_tags`) REFERENCES `tags` (`id`),
  ADD CONSTRAINT `tags_traduction_ibfk_2` FOREIGN KEY (`lang_code`) REFERENCES `language` (`code`);

--
-- Contraintes pour la table `traduction`
--
ALTER TABLE `traduction`
  ADD CONSTRAINT `traduction_ibfk_1` FOREIGN KEY (`lang_code`) REFERENCES `language` (`code`),
  ADD CONSTRAINT `traduction_ibfk_2` FOREIGN KEY (`id_article`) REFERENCES `article` (`id`);
COMMIT;

/*!40101 SET CHARACTER_SET_CLIENT=@OLD_CHARACTER_SET_CLIENT */;
/*!40101 SET CHARACTER_SET_RESULTS=@OLD_CHARACTER_SET_RESULTS */;
/*!40101 SET COLLATION_CONNECTION=@OLD_COLLATION_CONNECTION */;
